rater,pair_id,shown_a,shown_b,pick,winner,ms,study
881ab33afe,ads2-redo:harbor:heygen-vs-omni,heygen,omni,b,omni,75792,6aaf887218ee882342b2fe2d
881ab33afe,ads2-redo:lantern:heygen-vs-omni,heygen,omni,b,omni,43293,6aaf887218ee882342b2fe2d
881ab33afe,ads2-redo:orchard:heygen-vs-omni,omni,heygen,a,omni,45669,6aaf887218ee882342b2fe2d
881ab33afe,ads2-redo:quiet:omni-vs-wan3,omni,wan3,b,wan3,44015,6aaf887218ee882342b2fe2d
881ab33afe,ads2-redo:slowroad:heygen-vs-omni,heygen,omni,a,heygen,52804,6aaf887218ee882342b2fe2d
2a3fe94b6d,ads2-redo:harbor:omni-vs-seedance2,omni,seedance2,tie,,50591,6aaf38e61e8bf3afc8f53d0c
2a3fe94b6d,ads2-redo:lantern:omni-vs-seedance2,omni,seedance2,b,seedance2,50767,6aaf38e61e8bf3afc8f53d0c
2a3fe94b6d,ads2-redo:orchard:omni-vs-seedance2,omni,seedance2,tie,,47919,6aaf38e61e8bf3afc8f53d0c
2a3fe94b6d,ads2-redo:quiet:omni-vs-wan3,wan3,omni,b,omni,46705,6aaf38e61e8bf3afc8f53d0c
2a3fe94b6d,ads2-redo:slowroad:omni-vs-seedance2,omni,seedance2,b,seedance2,48345,6aaf38e61e8bf3afc8f53d0c
8a1bd173c9,ads2-redo:harbor:heygen-vs-seedance2,heygen,seedance2,b,seedance2,59243,6aaf887218ee882342b2fe2d
8a1bd173c9,ads2-redo:lantern:heygen-vs-seedance2,seedance2,heygen,b,heygen,48968,6aaf887218ee882342b2fe2d
8a1bd173c9,ads2-redo:orchard:heygen-vs-seedance2,heygen,seedance2,b,seedance2,46767,6aaf887218ee882342b2fe2d
8a1bd173c9,ads2-redo:quiet:omni-vs-wan3,omni,wan3,a,omni,67689,6aaf887218ee882342b2fe2d
8a1bd173c9,ads2-redo:slowroad:heygen-vs-seedance2,seedance2,heygen,a,seedance2,134441,6aaf887218ee882342b2fe2d
e141147cd2,ads2-redo:harbor:seedance2-vs-wan3,wan3,seedance2,tie,,25282,6aaf887218ee882342b2fe2d
e141147cd2,ads2-redo:lantern:seedance2-vs-wan3,seedance2,wan3,a,seedance2,15515,6aaf887218ee882342b2fe2d
e141147cd2,ads2-redo:orchard:seedance2-vs-wan3,wan3,seedance2,b,seedance2,10475,6aaf887218ee882342b2fe2d
e141147cd2,ads2-redo:quiet:heygen-vs-seedance2,heygen,seedance2,b,seedance2,158764,6aaf887218ee882342b2fe2d
e141147cd2,ads2-redo:slowroad:seedance2-vs-wan3,wan3,seedance2,a,wan3,30747,6aaf887218ee882342b2fe2d
a3abf43853,ads2-redo:harbor:seedance2-vs-wan3,seedance2,wan3,b,wan3,92379,6aaf887218ee882342b2fe2d
a3abf43853,ads2-redo:lantern:seedance2-vs-wan3,wan3,seedance2,a,wan3,56613,6aaf887218ee882342b2fe2d
a3abf43853,ads2-redo:orchard:seedance2-vs-wan3,wan3,seedance2,a,wan3,45647,6aaf887218ee882342b2fe2d
a3abf43853,ads2-redo:quiet:heygen-vs-wan3,heygen,wan3,b,wan3,48142,6aaf887218ee882342b2fe2d
a3abf43853,ads2-redo:slowroad:seedance2-vs-wan3,seedance2,wan3,a,seedance2,59543,6aaf887218ee882342b2fe2d
068c6f8c15,ads2-redo:harbor:heygen-vs-seedance2,seedance2,heygen,b,heygen,68487,6aaf38e61e8bf3afc8f53d0c
068c6f8c15,ads2-redo:lantern:heygen-vs-seedance2,seedance2,heygen,a,seedance2,44002,6aaf38e61e8bf3afc8f53d0c
068c6f8c15,ads2-redo:orchard:heygen-vs-seedance2,seedance2,heygen,a,seedance2,42783,6aaf38e61e8bf3afc8f53d0c
068c6f8c15,ads2-redo:quiet:heygen-vs-seedance2,seedance2,heygen,a,seedance2,44797,6aaf38e61e8bf3afc8f53d0c
068c6f8c15,ads2-redo:slowroad:heygen-vs-seedance2,heygen,seedance2,b,seedance2,48695,6aaf38e61e8bf3afc8f53d0c
fe590eee08,ads2-redo:harbor:heygen-vs-wan3,wan3,heygen,a,wan3,44928,6aaf38e61e8bf3afc8f53d0c
fe590eee08,ads2-redo:lantern:heygen-vs-wan3,wan3,heygen,b,heygen,44173,6aaf38e61e8bf3afc8f53d0c
fe590eee08,ads2-redo:orchard:heygen-vs-wan3,wan3,heygen,a,wan3,42549,6aaf38e61e8bf3afc8f53d0c
fe590eee08,ads2-redo:quiet:omni-vs-wan3,omni,wan3,a,omni,42308,6aaf38e61e8bf3afc8f53d0c
fe590eee08,ads2-redo:slowroad:heygen-vs-wan3,wan3,heygen,tie,,44990,6aaf38e61e8bf3afc8f53d0c
a0be1904e6,ads2-redo:harbor:heygen-vs-wan3,heygen,wan3,a,heygen,49320,6aaf887218ee882342b2fe2d
a0be1904e6,ads2-redo:lantern:heygen-vs-wan3,wan3,heygen,a,wan3,43602,6aaf887218ee882342b2fe2d
a0be1904e6,ads2-redo:orchard:heygen-vs-wan3,wan3,heygen,b,heygen,44433,6aaf887218ee882342b2fe2d
a0be1904e6,ads2-redo:quiet:seedance2-vs-wan3,seedance2,wan3,a,seedance2,49102,6aaf887218ee882342b2fe2d
a0be1904e6,ads2-redo:slowroad:heygen-vs-wan3,wan3,heygen,a,wan3,47781,6aaf887218ee882342b2fe2d
6eb5e6e47f,ads2-redo:harbor:omni-vs-seedance2,omni,seedance2,a,omni,47670,6aaf887218ee882342b2fe2d
6eb5e6e47f,ads2-redo:lantern:omni-vs-seedance2,omni,seedance2,tie,,44918,6aaf887218ee882342b2fe2d
6eb5e6e47f,ads2-redo:orchard:omni-vs-seedance2,omni,seedance2,a,omni,44211,6aaf887218ee882342b2fe2d
6eb5e6e47f,ads2-redo:quiet:heygen-vs-omni,omni,heygen,a,omni,44310,6aaf887218ee882342b2fe2d
6eb5e6e47f,ads2-redo:slowroad:omni-vs-seedance2,omni,seedance2,b,seedance2,45606,6aaf887218ee882342b2fe2d
a4baca6dea,ads2-redo:harbor:heygen-vs-wan3,heygen,wan3,b,wan3,34196,6aaf887218ee882342b2fe2d
a4baca6dea,ads2-redo:lantern:heygen-vs-wan3,wan3,heygen,b,heygen,36814,6aaf887218ee882342b2fe2d
a4baca6dea,ads2-redo:orchard:heygen-vs-wan3,wan3,heygen,a,wan3,18278,6aaf887218ee882342b2fe2d
a4baca6dea,ads2-redo:quiet:seedance2-vs-wan3,wan3,seedance2,b,seedance2,18695,6aaf887218ee882342b2fe2d
a4baca6dea,ads2-redo:slowroad:heygen-vs-wan3,heygen,wan3,b,wan3,103812,6aaf887218ee882342b2fe2d
b7bff10829,ads2-redo:quiet:omni-vs-seedance2,seedance2,omni,tie,,74924,6aaf887218ee882342b2fe2d
b7bff10829,ads6-omni:harbor:omni-vs-wan3,wan3,omni,b,omni,67613,6aaf887218ee882342b2fe2d
b7bff10829,ads6-omni:lantern:omni-vs-wan3,wan3,omni,tie,,62681,6aaf887218ee882342b2fe2d
b7bff10829,ads6-omni:orchard:omni-vs-seedance2,seedance2,omni,b,omni,60119,6aaf887218ee882342b2fe2d
b7bff10829,ads6-omni:slowroad:omni-vs-seedance2,omni,seedance2,tie,,130633,6aaf887218ee882342b2fe2d
2a6a28ba7c,ads2-redo:quiet:omni-vs-seedance2,omni,seedance2,b,seedance2,101380,6aaf887218ee882342b2fe2d
2a6a28ba7c,ads6-omni:harbor:omni-vs-wan3,omni,wan3,b,wan3,92959,6aaf887218ee882342b2fe2d
2a6a28ba7c,ads6-omni:lantern:omni-vs-wan3,omni,wan3,a,omni,61894,6aaf887218ee882342b2fe2d
2a6a28ba7c,ads6-omni:orchard:omni-vs-seedance2,omni,seedance2,b,seedance2,68191,6aaf887218ee882342b2fe2d
2a6a28ba7c,ads6-omni:slowroad:omni-vs-seedance2,omni,seedance2,tie,,105763,6aaf887218ee882342b2fe2d
7d79df8208,ads2-redo:harbor:omni-vs-seedance2,omni,seedance2,tie,,51791,6aaf887218ee882342b2fe2d
7d79df8208,ads2-redo:lantern:omni-vs-seedance2,omni,seedance2,b,seedance2,46757,6aaf887218ee882342b2fe2d
7d79df8208,ads2-redo:orchard:omni-vs-seedance2,seedance2,omni,b,omni,52147,6aaf887218ee882342b2fe2d
7d79df8208,ads2-redo:quiet:heygen-vs-seedance2,heygen,seedance2,b,seedance2,47041,6aaf887218ee882342b2fe2d
7d79df8208,ads2-redo:slowroad:omni-vs-seedance2,omni,seedance2,tie,,50335,6aaf887218ee882342b2fe2d
1d041dcae6,ads2-redo:quiet:omni-vs-seedance2,omni,seedance2,a,omni,49181,6aaf887218ee882342b2fe2d
1d041dcae6,ads6-omni:harbor:omni-vs-wan3,omni,wan3,b,wan3,58016,6aaf887218ee882342b2fe2d
1d041dcae6,ads6-omni:lantern:omni-vs-wan3,wan3,omni,b,omni,72398,6aaf887218ee882342b2fe2d
1d041dcae6,ads6-omni:orchard:omni-vs-seedance2,seedance2,omni,a,seedance2,52461,6aaf887218ee882342b2fe2d
1d041dcae6,ads6-omni:slowroad:omni-vs-seedance2,seedance2,omni,b,omni,66245,6aaf887218ee882342b2fe2d
3d7583ee3d,ads2-redo:harbor:omni-vs-wan3,omni,wan3,tie,,52050,6aaf887218ee882342b2fe2d
3d7583ee3d,ads2-redo:lantern:omni-vs-wan3,omni,wan3,tie,,46658,6aaf887218ee882342b2fe2d
3d7583ee3d,ads2-redo:orchard:omni-vs-wan3,omni,wan3,b,wan3,45898,6aaf887218ee882342b2fe2d
3d7583ee3d,ads2-redo:quiet:heygen-vs-seedance2,seedance2,heygen,tie,,70933,6aaf887218ee882342b2fe2d
3d7583ee3d,ads2-redo:slowroad:omni-vs-wan3,omni,wan3,tie,,47042,6aaf887218ee882342b2fe2d
92866a7fda,ads2-redo:harbor:seedance2-vs-wan3,wan3,seedance2,a,wan3,53568,6aaf887218ee882342b2fe2d
92866a7fda,ads2-redo:lantern:seedance2-vs-wan3,wan3,seedance2,b,seedance2,48067,6aaf887218ee882342b2fe2d
92866a7fda,ads2-redo:orchard:seedance2-vs-wan3,seedance2,wan3,a,seedance2,43956,6aaf887218ee882342b2fe2d
92866a7fda,ads2-redo:quiet:heygen-vs-wan3,heygen,wan3,b,wan3,40915,6aaf887218ee882342b2fe2d
92866a7fda,ads2-redo:slowroad:seedance2-vs-wan3,seedance2,wan3,b,wan3,44456,6aaf887218ee882342b2fe2d
5c41689c41,ads2-redo:quiet:heygen-vs-seedance2,heygen,seedance2,a,heygen,55620,6aaf38e61e8bf3afc8f53d0c
5c41689c41,ads6-omni:harbor:omni-vs-wan3,wan3,omni,b,omni,147080,6aaf38e61e8bf3afc8f53d0c
5c41689c41,ads6-omni:lantern:omni-vs-wan3,omni,wan3,a,omni,104650,6aaf38e61e8bf3afc8f53d0c
5c41689c41,ads6-omni:orchard:omni-vs-seedance2,seedance2,omni,b,omni,58774,6aaf38e61e8bf3afc8f53d0c
5c41689c41,ads6-omni:slowroad:omni-vs-seedance2,omni,seedance2,a,omni,66717,6aaf38e61e8bf3afc8f53d0c
8d21e76304,ads2-redo:harbor:seedance2-vs-wan3,wan3,seedance2,b,seedance2,51374,6aaf887218ee882342b2fe2d
8d21e76304,ads2-redo:lantern:seedance2-vs-wan3,seedance2,wan3,a,seedance2,47559,6aaf887218ee882342b2fe2d
8d21e76304,ads2-redo:orchard:seedance2-vs-wan3,seedance2,wan3,b,wan3,43885,6aaf887218ee882342b2fe2d
8d21e76304,ads2-redo:quiet:heygen-vs-wan3,heygen,wan3,a,heygen,43921,6aaf887218ee882342b2fe2d
8d21e76304,ads2-redo:slowroad:seedance2-vs-wan3,seedance2,wan3,a,seedance2,46130,6aaf887218ee882342b2fe2d
af2d623236,ads2-redo:harbor:heygen-vs-wan3,wan3,heygen,tie,,54253,6aaf887218ee882342b2fe2d
af2d623236,ads2-redo:lantern:heygen-vs-wan3,heygen,wan3,a,heygen,47015,6aaf887218ee882342b2fe2d
af2d623236,ads2-redo:orchard:heygen-vs-wan3,wan3,heygen,tie,,46013,6aaf887218ee882342b2fe2d
af2d623236,ads2-redo:quiet:heygen-vs-seedance2,heygen,seedance2,tie,,45831,6aaf887218ee882342b2fe2d
af2d623236,ads2-redo:slowroad:heygen-vs-wan3,heygen,wan3,a,heygen,49047,6aaf887218ee882342b2fe2d
799005d6da,ads2-redo:harbor:heygen-vs-omni,omni,heygen,a,omni,75139,6aaf887218ee882342b2fe2d
799005d6da,ads2-redo:lantern:heygen-vs-omni,omni,heygen,b,heygen,45382,6aaf887218ee882342b2fe2d
799005d6da,ads2-redo:orchard:heygen-vs-omni,heygen,omni,b,omni,46764,6aaf887218ee882342b2fe2d
799005d6da,ads2-redo:quiet:omni-vs-wan3,omni,wan3,tie,,42866,6aaf887218ee882342b2fe2d
799005d6da,ads2-redo:slowroad:heygen-vs-omni,heygen,omni,tie,,45149,6aaf887218ee882342b2fe2d
121305d2b7,ads2-redo:harbor:seedance2-vs-wan3,wan3,seedance2,tie,,46170,6aaf38e61e8bf3afc8f53d0c
121305d2b7,ads2-redo:lantern:seedance2-vs-wan3,wan3,seedance2,a,wan3,42474,6aaf38e61e8bf3afc8f53d0c
121305d2b7,ads2-redo:orchard:seedance2-vs-wan3,wan3,seedance2,a,wan3,42036,6aaf38e61e8bf3afc8f53d0c
121305d2b7,ads2-redo:quiet:seedance2-vs-wan3,wan3,seedance2,a,wan3,44017,6aaf38e61e8bf3afc8f53d0c
121305d2b7,ads2-redo:slowroad:seedance2-vs-wan3,seedance2,wan3,b,wan3,44744,6aaf38e61e8bf3afc8f53d0c
947a7e1182,ads2-redo:harbor:heygen-vs-omni,heygen,omni,b,omni,63423,6aaf887218ee882342b2fe2d
947a7e1182,ads2-redo:lantern:heygen-vs-omni,heygen,omni,tie,,44594,6aaf887218ee882342b2fe2d
947a7e1182,ads2-redo:orchard:heygen-vs-omni,heygen,omni,b,omni,45215,6aaf887218ee882342b2fe2d
947a7e1182,ads2-redo:quiet:omni-vs-wan3,omni,wan3,a,omni,45184,6aaf887218ee882342b2fe2d
947a7e1182,ads2-redo:slowroad:heygen-vs-omni,heygen,omni,tie,,52598,6aaf887218ee882342b2fe2d
9fff0f04d6,ads2-redo:harbor:heygen-vs-seedance2,heygen,seedance2,a,heygen,47382,6aaf887218ee882342b2fe2d
9fff0f04d6,ads2-redo:lantern:heygen-vs-seedance2,seedance2,heygen,a,seedance2,43570,6aaf887218ee882342b2fe2d
9fff0f04d6,ads2-redo:orchard:heygen-vs-seedance2,seedance2,heygen,b,heygen,41671,6aaf887218ee882342b2fe2d
9fff0f04d6,ads2-redo:quiet:omni-vs-wan3,wan3,omni,a,wan3,42803,6aaf887218ee882342b2fe2d
9fff0f04d6,ads2-redo:slowroad:heygen-vs-seedance2,heygen,seedance2,b,seedance2,44008,6aaf887218ee882342b2fe2d
e200be190a,ads2-redo:harbor:heygen-vs-omni,heygen,omni,a,heygen,115609,6aaf887218ee882342b2fe2d
e200be190a,ads2-redo:lantern:heygen-vs-omni,heygen,omni,b,omni,65711,6aaf887218ee882342b2fe2d
e200be190a,ads2-redo:orchard:heygen-vs-omni,heygen,omni,a,heygen,45887,6aaf887218ee882342b2fe2d
e200be190a,ads2-redo:quiet:omni-vs-wan3,omni,wan3,a,omni,28733,6aaf887218ee882342b2fe2d
e200be190a,ads2-redo:slowroad:heygen-vs-omni,heygen,omni,b,omni,35136,6aaf887218ee882342b2fe2d
7bb77549ed,ads2-redo:harbor:omni-vs-wan3,wan3,omni,b,omni,117104,6aaf887218ee882342b2fe2d
7bb77549ed,ads2-redo:lantern:omni-vs-wan3,wan3,omni,b,omni,72915,6aaf887218ee882342b2fe2d
7bb77549ed,ads2-redo:orchard:omni-vs-wan3,omni,wan3,b,wan3,56446,6aaf887218ee882342b2fe2d
7bb77549ed,ads2-redo:quiet:heygen-vs-seedance2,seedance2,heygen,a,seedance2,63671,6aaf887218ee882342b2fe2d
7bb77549ed,ads2-redo:slowroad:omni-vs-wan3,omni,wan3,a,omni,59575,6aaf887218ee882342b2fe2d
522ea4abe0,ads2-redo:harbor:heygen-vs-seedance2,seedance2,heygen,tie,,105862,6aaf38e61e8bf3afc8f53d0c
522ea4abe0,ads2-redo:lantern:heygen-vs-seedance2,heygen,seedance2,b,seedance2,48721,6aaf38e61e8bf3afc8f53d0c
522ea4abe0,ads2-redo:orchard:heygen-vs-seedance2,heygen,seedance2,b,seedance2,45508,6aaf38e61e8bf3afc8f53d0c
522ea4abe0,ads2-redo:quiet:heygen-vs-wan3,wan3,heygen,a,wan3,54262,6aaf38e61e8bf3afc8f53d0c
522ea4abe0,ads2-redo:slowroad:heygen-vs-seedance2,seedance2,heygen,a,seedance2,52846,6aaf38e61e8bf3afc8f53d0c
4d55744d60,ads2-redo:harbor:heygen-vs-wan3,heygen,wan3,b,wan3,53096,6aaf887218ee882342b2fe2d
4d55744d60,ads2-redo:lantern:heygen-vs-wan3,heygen,wan3,b,wan3,45836,6aaf887218ee882342b2fe2d
4d55744d60,ads2-redo:orchard:heygen-vs-wan3,heygen,wan3,b,wan3,43083,6aaf887218ee882342b2fe2d
4d55744d60,ads2-redo:quiet:heygen-vs-omni,heygen,omni,b,omni,43699,6aaf887218ee882342b2fe2d
4d55744d60,ads2-redo:slowroad:heygen-vs-wan3,heygen,wan3,b,wan3,123645,6aaf887218ee882342b2fe2d
10a7621aa0,ads2-redo:harbor:heygen-vs-omni,heygen,omni,a,heygen,26871,6aaf887218ee882342b2fe2d
10a7621aa0,ads2-redo:lantern:heygen-vs-omni,omni,heygen,tie,,28252,6aaf887218ee882342b2fe2d
10a7621aa0,ads2-redo:orchard:heygen-vs-omni,omni,heygen,a,omni,26018,6aaf887218ee882342b2fe2d
10a7621aa0,ads2-redo:quiet:omni-vs-seedance2,omni,seedance2,b,seedance2,27500,6aaf887218ee882342b2fe2d
10a7621aa0,ads2-redo:slowroad:heygen-vs-omni,omni,heygen,b,heygen,130101,6aaf887218ee882342b2fe2d
e5d9377769,ads2-redo:harbor:omni-vs-wan3,omni,wan3,a,omni,47425,6aaf887218ee882342b2fe2d
e5d9377769,ads2-redo:lantern:omni-vs-wan3,omni,wan3,a,omni,44349,6aaf887218ee882342b2fe2d
e5d9377769,ads2-redo:orchard:omni-vs-wan3,omni,wan3,b,wan3,43529,6aaf887218ee882342b2fe2d
e5d9377769,ads2-redo:quiet:heygen-vs-seedance2,seedance2,heygen,a,seedance2,45754,6aaf887218ee882342b2fe2d
e5d9377769,ads2-redo:slowroad:omni-vs-wan3,wan3,omni,a,wan3,46995,6aaf887218ee882342b2fe2d
460ff60d03,ads2-redo:harbor:heygen-vs-seedance2,heygen,seedance2,b,seedance2,51793,6aaf887218ee882342b2fe2d
460ff60d03,ads2-redo:lantern:heygen-vs-seedance2,heygen,seedance2,a,heygen,56841,6aaf887218ee882342b2fe2d
460ff60d03,ads2-redo:orchard:heygen-vs-seedance2,heygen,seedance2,b,seedance2,48135,6aaf887218ee882342b2fe2d
460ff60d03,ads2-redo:quiet:seedance2-vs-wan3,wan3,seedance2,b,seedance2,60395,6aaf887218ee882342b2fe2d
460ff60d03,ads2-redo:slowroad:heygen-vs-seedance2,heygen,seedance2,a,heygen,123221,6aaf887218ee882342b2fe2d
2c542471cc,ads2-redo:harbor:omni-vs-wan3,wan3,omni,a,wan3,39395,6aaf38e61e8bf3afc8f53d0c
2c542471cc,ads2-redo:lantern:omni-vs-wan3,omni,wan3,a,omni,42852,6aaf38e61e8bf3afc8f53d0c
2c542471cc,ads2-redo:orchard:omni-vs-wan3,omni,wan3,b,wan3,42821,6aaf38e61e8bf3afc8f53d0c
2c542471cc,ads2-redo:quiet:omni-vs-wan3,omni,wan3,a,omni,43366,6aaf38e61e8bf3afc8f53d0c
2c542471cc,ads2-redo:slowroad:omni-vs-wan3,omni,wan3,a,omni,45056,6aaf38e61e8bf3afc8f53d0c
cc01661f4d,ads2-redo:harbor:seedance2-vs-wan3,seedance2,wan3,a,seedance2,57769,6aaf887218ee882342b2fe2d
cc01661f4d,ads2-redo:lantern:seedance2-vs-wan3,wan3,seedance2,a,wan3,41367,6aaf887218ee882342b2fe2d
cc01661f4d,ads2-redo:orchard:seedance2-vs-wan3,seedance2,wan3,b,wan3,43620,6aaf887218ee882342b2fe2d
cc01661f4d,ads2-redo:quiet:omni-vs-seedance2,seedance2,omni,a,seedance2,44611,6aaf887218ee882342b2fe2d
cc01661f4d,ads2-redo:slowroad:seedance2-vs-wan3,wan3,seedance2,a,wan3,46006,6aaf887218ee882342b2fe2d
9fb6e93ad9,ads2-redo:harbor:seedance2-vs-wan3,wan3,seedance2,tie,,51563,6aaf887218ee882342b2fe2d
9fb6e93ad9,ads2-redo:lantern:seedance2-vs-wan3,wan3,seedance2,tie,,46614,6aaf887218ee882342b2fe2d
9fb6e93ad9,ads2-redo:orchard:seedance2-vs-wan3,seedance2,wan3,b,wan3,49403,6aaf887218ee882342b2fe2d
9fb6e93ad9,ads2-redo:quiet:heygen-vs-wan3,wan3,heygen,b,heygen,48721,6aaf887218ee882342b2fe2d
9fb6e93ad9,ads2-redo:slowroad:seedance2-vs-wan3,seedance2,wan3,b,wan3,48786,6aaf887218ee882342b2fe2d
b88277681f,ads2-redo:harbor:seedance2-vs-wan3,wan3,seedance2,a,wan3,52038,6aaf887218ee882342b2fe2d
b88277681f,ads2-redo:lantern:seedance2-vs-wan3,wan3,seedance2,b,seedance2,43243,6aaf887218ee882342b2fe2d
b88277681f,ads2-redo:orchard:seedance2-vs-wan3,seedance2,wan3,b,wan3,46053,6aaf887218ee882342b2fe2d
b88277681f,ads2-redo:quiet:heygen-vs-wan3,heygen,wan3,tie,,48789,6aaf887218ee882342b2fe2d
b88277681f,ads2-redo:slowroad:seedance2-vs-wan3,seedance2,wan3,a,seedance2,56844,6aaf887218ee882342b2fe2d
6d26945607,ads2-redo:harbor:heygen-vs-wan3,heygen,wan3,b,wan3,62103,6aaf887218ee882342b2fe2d
6d26945607,ads2-redo:lantern:heygen-vs-wan3,wan3,heygen,b,heygen,44433,6aaf887218ee882342b2fe2d
6d26945607,ads2-redo:orchard:heygen-vs-wan3,heygen,wan3,a,heygen,43812,6aaf887218ee882342b2fe2d
6d26945607,ads2-redo:quiet:heygen-vs-omni,omni,heygen,b,heygen,53425,6aaf887218ee882342b2fe2d
6d26945607,ads2-redo:slowroad:heygen-vs-wan3,wan3,heygen,a,wan3,55247,6aaf887218ee882342b2fe2d
d0b9efb533,ads2-redo:harbor:omni-vs-wan3,omni,wan3,a,omni,57846,6aaf887218ee882342b2fe2d
d0b9efb533,ads2-redo:lantern:omni-vs-wan3,omni,wan3,a,omni,50518,6aaf887218ee882342b2fe2d
d0b9efb533,ads2-redo:orchard:omni-vs-wan3,wan3,omni,a,wan3,62375,6aaf887218ee882342b2fe2d
d0b9efb533,ads2-redo:quiet:heygen-vs-seedance2,seedance2,heygen,a,seedance2,44998,6aaf887218ee882342b2fe2d
d0b9efb533,ads2-redo:slowroad:omni-vs-wan3,wan3,omni,a,wan3,45150,6aaf887218ee882342b2fe2d
87056f8bc0,ads2-redo:harbor:seedance2-vs-wan3,wan3,seedance2,tie,,46067,6aaf887218ee882342b2fe2d
87056f8bc0,ads2-redo:lantern:seedance2-vs-wan3,wan3,seedance2,a,wan3,42638,6aaf887218ee882342b2fe2d
87056f8bc0,ads2-redo:orchard:seedance2-vs-wan3,wan3,seedance2,b,seedance2,42450,6aaf887218ee882342b2fe2d
87056f8bc0,ads2-redo:quiet:heygen-vs-wan3,wan3,heygen,a,wan3,79647,6aaf887218ee882342b2fe2d
87056f8bc0,ads2-redo:slowroad:seedance2-vs-wan3,wan3,seedance2,tie,,46209,6aaf887218ee882342b2fe2d
e7d7520921,ads2-redo:harbor:omni-vs-wan3,wan3,omni,b,omni,41974,6aaf887218ee882342b2fe2d
e7d7520921,ads2-redo:lantern:omni-vs-wan3,omni,wan3,b,wan3,42322,6aaf887218ee882342b2fe2d
e7d7520921,ads2-redo:orchard:omni-vs-wan3,wan3,omni,a,wan3,36237,6aaf887218ee882342b2fe2d
e7d7520921,ads2-redo:quiet:heygen-vs-seedance2,seedance2,heygen,b,heygen,37775,6aaf887218ee882342b2fe2d
e7d7520921,ads2-redo:slowroad:omni-vs-wan3,omni,wan3,b,wan3,37437,6aaf887218ee882342b2fe2d
e4bc47fb10,ads2-redo:harbor:omni-vs-wan3,omni,wan3,a,omni,47139,6aaf887218ee882342b2fe2d
e4bc47fb10,ads2-redo:lantern:omni-vs-wan3,wan3,omni,a,wan3,51644,6aaf887218ee882342b2fe2d
e4bc47fb10,ads2-redo:orchard:omni-vs-wan3,wan3,omni,a,wan3,46766,6aaf887218ee882342b2fe2d
e4bc47fb10,ads2-redo:quiet:heygen-vs-wan3,heygen,wan3,b,wan3,44735,6aaf887218ee882342b2fe2d
e4bc47fb10,ads2-redo:slowroad:omni-vs-wan3,omni,wan3,b,wan3,48841,6aaf887218ee882342b2fe2d
c49e4c3d09,ads2-redo:quiet:omni-vs-seedance2,seedance2,omni,tie,,42717,6aaf887218ee882342b2fe2d
c49e4c3d09,ads6-omni:harbor:omni-vs-wan3,omni,wan3,a,omni,67729,6aaf887218ee882342b2fe2d
c49e4c3d09,ads6-omni:lantern:omni-vs-wan3,wan3,omni,a,wan3,66477,6aaf887218ee882342b2fe2d
c49e4c3d09,ads6-omni:orchard:omni-vs-seedance2,omni,seedance2,tie,,51997,6aaf887218ee882342b2fe2d
c49e4c3d09,ads6-omni:slowroad:omni-vs-seedance2,seedance2,omni,a,seedance2,58400,6aaf887218ee882342b2fe2d
80c8e68ec7,ads2-redo:harbor:omni-vs-wan3,wan3,omni,b,omni,36842,6aaf887218ee882342b2fe2d
80c8e68ec7,ads2-redo:lantern:omni-vs-wan3,wan3,omni,a,wan3,23013,6aaf887218ee882342b2fe2d
80c8e68ec7,ads2-redo:orchard:omni-vs-wan3,omni,wan3,b,wan3,23677,6aaf887218ee882342b2fe2d
80c8e68ec7,ads2-redo:quiet:heygen-vs-seedance2,heygen,seedance2,a,heygen,23500,6aaf887218ee882342b2fe2d
80c8e68ec7,ads2-redo:slowroad:omni-vs-wan3,omni,wan3,a,omni,24189,6aaf887218ee882342b2fe2d
23a3dd100d,ads2-redo:harbor:heygen-vs-omni,heygen,omni,a,heygen,24467,6aaf887218ee882342b2fe2d
23a3dd100d,ads2-redo:lantern:heygen-vs-omni,omni,heygen,a,omni,24912,6aaf887218ee882342b2fe2d
23a3dd100d,ads2-redo:orchard:heygen-vs-omni,omni,heygen,a,omni,49502,6aaf887218ee882342b2fe2d
23a3dd100d,ads2-redo:quiet:omni-vs-seedance2,seedance2,omni,b,omni,51617,6aaf887218ee882342b2fe2d
23a3dd100d,ads2-redo:slowroad:heygen-vs-omni,heygen,omni,b,omni,41359,6aaf887218ee882342b2fe2d
f8d9fc4823,ads2-redo:harbor:heygen-vs-seedance2,heygen,seedance2,tie,,58746,6aaf38e61e8bf3afc8f53d0c
f8d9fc4823,ads2-redo:lantern:heygen-vs-seedance2,heygen,seedance2,tie,,41645,6aaf38e61e8bf3afc8f53d0c
f8d9fc4823,ads2-redo:orchard:heygen-vs-seedance2,heygen,seedance2,b,seedance2,41116,6aaf38e61e8bf3afc8f53d0c
f8d9fc4823,ads2-redo:quiet:heygen-vs-wan3,wan3,heygen,tie,,42612,6aaf38e61e8bf3afc8f53d0c
f8d9fc4823,ads2-redo:slowroad:heygen-vs-seedance2,seedance2,heygen,tie,,54276,6aaf38e61e8bf3afc8f53d0c
9b6fa40f98,ads2-redo:harbor:omni-vs-seedance2,omni,seedance2,a,omni,26722,6aaf887218ee882342b2fe2d
9b6fa40f98,ads2-redo:lantern:omni-vs-seedance2,omni,seedance2,a,omni,33651,6aaf887218ee882342b2fe2d
9b6fa40f98,ads2-redo:orchard:omni-vs-seedance2,seedance2,omni,a,seedance2,36252,6aaf887218ee882342b2fe2d
9b6fa40f98,ads2-redo:quiet:heygen-vs-seedance2,heygen,seedance2,a,heygen,11310,6aaf887218ee882342b2fe2d
9b6fa40f98,ads2-redo:slowroad:omni-vs-seedance2,seedance2,omni,a,seedance2,34452,6aaf887218ee882342b2fe2d
6464b48658,ads2-redo:quiet:omni-vs-seedance2,seedance2,omni,a,seedance2,45377,6aaf887218ee882342b2fe2d
6464b48658,ads6-omni:harbor:omni-vs-wan3,omni,wan3,a,omni,74064,6aaf887218ee882342b2fe2d
6464b48658,ads6-omni:lantern:omni-vs-wan3,omni,wan3,a,omni,57150,6aaf887218ee882342b2fe2d
6464b48658,ads6-omni:orchard:omni-vs-seedance2,omni,seedance2,a,omni,62857,6aaf887218ee882342b2fe2d
6464b48658,ads6-omni:slowroad:omni-vs-seedance2,omni,seedance2,a,omni,52575,6aaf887218ee882342b2fe2d
d2aba00b01,ads2-redo:quiet:omni-vs-seedance2,omni,seedance2,a,omni,52665,6aaf887218ee882342b2fe2d
d2aba00b01,ads6-omni:harbor:omni-vs-wan3,omni,wan3,b,wan3,31387,6aaf887218ee882342b2fe2d
d2aba00b01,ads6-omni:lantern:omni-vs-wan3,wan3,omni,a,wan3,58068,6aaf887218ee882342b2fe2d
d2aba00b01,ads6-omni:orchard:omni-vs-seedance2,seedance2,omni,b,omni,53122,6aaf887218ee882342b2fe2d
d2aba00b01,ads6-omni:slowroad:omni-vs-seedance2,seedance2,omni,a,seedance2,69679,6aaf887218ee882342b2fe2d
04829607b1,ads2-redo:harbor:seedance2-vs-wan3,wan3,seedance2,a,wan3,44796,6aaf887218ee882342b2fe2d
04829607b1,ads2-redo:lantern:seedance2-vs-wan3,wan3,seedance2,b,seedance2,41519,6aaf887218ee882342b2fe2d
04829607b1,ads2-redo:orchard:seedance2-vs-wan3,wan3,seedance2,b,seedance2,80028,6aaf887218ee882342b2fe2d
04829607b1,ads2-redo:quiet:omni-vs-seedance2,omni,seedance2,tie,,36692,6aaf887218ee882342b2fe2d
04829607b1,ads2-redo:slowroad:seedance2-vs-wan3,wan3,seedance2,b,seedance2,151127,6aaf887218ee882342b2fe2d
e3cbcfd432,ads2-redo:harbor:seedance2-vs-wan3,seedance2,wan3,a,seedance2,52556,6aaf887218ee882342b2fe2d
e3cbcfd432,ads2-redo:lantern:seedance2-vs-wan3,seedance2,wan3,a,seedance2,45576,6aaf887218ee882342b2fe2d
e3cbcfd432,ads2-redo:orchard:seedance2-vs-wan3,wan3,seedance2,a,wan3,43853,6aaf887218ee882342b2fe2d
e3cbcfd432,ads2-redo:quiet:heygen-vs-wan3,heygen,wan3,b,wan3,44932,6aaf887218ee882342b2fe2d
e3cbcfd432,ads2-redo:slowroad:seedance2-vs-wan3,wan3,seedance2,b,seedance2,35611,6aaf887218ee882342b2fe2d
947dfd31fa,ads2-redo:harbor:heygen-vs-seedance2,heygen,seedance2,b,seedance2,53502,6aaf887218ee882342b2fe2d
947dfd31fa,ads2-redo:lantern:heygen-vs-seedance2,seedance2,heygen,a,seedance2,44229,6aaf887218ee882342b2fe2d
947dfd31fa,ads2-redo:orchard:heygen-vs-seedance2,seedance2,heygen,a,seedance2,45276,6aaf887218ee882342b2fe2d
947dfd31fa,ads2-redo:quiet:seedance2-vs-wan3,wan3,seedance2,b,seedance2,42726,6aaf887218ee882342b2fe2d
947dfd31fa,ads2-redo:slowroad:heygen-vs-seedance2,seedance2,heygen,b,heygen,57673,6aaf887218ee882342b2fe2d
cee8e08fc9,ads2-redo:harbor:heygen-vs-seedance2,heygen,seedance2,tie,,33962,6aaf887218ee882342b2fe2d
cee8e08fc9,ads2-redo:lantern:heygen-vs-seedance2,heygen,seedance2,a,heygen,42488,6aaf887218ee882342b2fe2d
cee8e08fc9,ads2-redo:orchard:heygen-vs-seedance2,seedance2,heygen,a,seedance2,39750,6aaf887218ee882342b2fe2d
cee8e08fc9,ads2-redo:quiet:seedance2-vs-wan3,wan3,seedance2,b,seedance2,31202,6aaf887218ee882342b2fe2d
cee8e08fc9,ads2-redo:slowroad:heygen-vs-seedance2,heygen,seedance2,b,seedance2,43337,6aaf887218ee882342b2fe2d
abc9529782,ads2-redo:harbor:heygen-vs-omni,omni,heygen,b,heygen,43629,6aaf38e61e8bf3afc8f53d0c
abc9529782,ads2-redo:lantern:heygen-vs-omni,omni,heygen,a,omni,38627,6aaf38e61e8bf3afc8f53d0c
abc9529782,ads2-redo:orchard:heygen-vs-omni,heygen,omni,a,heygen,39994,6aaf38e61e8bf3afc8f53d0c
abc9529782,ads2-redo:quiet:heygen-vs-seedance2,heygen,seedance2,a,heygen,43077,6aaf38e61e8bf3afc8f53d0c
abc9529782,ads2-redo:slowroad:heygen-vs-omni,omni,heygen,a,omni,42393,6aaf38e61e8bf3afc8f53d0c
a6c8f18a60,ads2-redo:harbor:omni-vs-wan3,wan3,omni,b,omni,58384,6aaf38e61e8bf3afc8f53d0c
a6c8f18a60,ads2-redo:lantern:omni-vs-wan3,wan3,omni,b,omni,82661,6aaf38e61e8bf3afc8f53d0c
a6c8f18a60,ads2-redo:orchard:omni-vs-wan3,wan3,omni,b,omni,54019,6aaf38e61e8bf3afc8f53d0c
a6c8f18a60,ads2-redo:quiet:seedance2-vs-wan3,seedance2,wan3,a,seedance2,78429,6aaf38e61e8bf3afc8f53d0c
a6c8f18a60,ads2-redo:slowroad:omni-vs-wan3,wan3,omni,a,wan3,78617,6aaf38e61e8bf3afc8f53d0c
8263e444c6,ads2-redo:harbor:heygen-vs-seedance2,heygen,seedance2,a,heygen,377383,6aaf887218ee882342b2fe2d
8263e444c6,ads2-redo:lantern:heygen-vs-seedance2,seedance2,heygen,a,seedance2,322629,6aaf887218ee882342b2fe2d
8263e444c6,ads2-redo:orchard:heygen-vs-seedance2,heygen,seedance2,a,heygen,135880,6aaf887218ee882342b2fe2d
8263e444c6,ads2-redo:quiet:heygen-vs-omni,heygen,omni,b,omni,24912,6aaf887218ee882342b2fe2d
8263e444c6,ads2-redo:slowroad:heygen-vs-seedance2,heygen,seedance2,b,seedance2,31181,6aaf887218ee882342b2fe2d
6acbfe3140,ads2-redo:harbor:heygen-vs-omni,heygen,omni,a,heygen,68704,6aaf38e61e8bf3afc8f53d0c
6acbfe3140,ads2-redo:lantern:heygen-vs-omni,omni,heygen,b,heygen,81472,6aaf38e61e8bf3afc8f53d0c
6acbfe3140,ads2-redo:orchard:heygen-vs-omni,heygen,omni,b,omni,64717,6aaf38e61e8bf3afc8f53d0c
6acbfe3140,ads2-redo:quiet:heygen-vs-wan3,heygen,wan3,b,wan3,66477,6aaf38e61e8bf3afc8f53d0c
6acbfe3140,ads2-redo:slowroad:heygen-vs-omni,omni,heygen,b,heygen,51971,6aaf38e61e8bf3afc8f53d0c
774574ff05,ads2-redo:quiet:omni-vs-wan3,wan3,omni,b,omni,39716,6aaf887218ee882342b2fe2d
774574ff05,ads6-omni:harbor:omni-vs-wan3,omni,wan3,a,omni,62484,6aaf887218ee882342b2fe2d
774574ff05,ads6-omni:lantern:omni-vs-wan3,wan3,omni,b,omni,54989,6aaf887218ee882342b2fe2d
774574ff05,ads6-omni:orchard:omni-vs-seedance2,omni,seedance2,b,seedance2,38626,6aaf887218ee882342b2fe2d
774574ff05,ads6-omni:slowroad:omni-vs-seedance2,omni,seedance2,a,omni,50245,6aaf887218ee882342b2fe2d
1446281835,ads2-redo:harbor:seedance2-vs-wan3,seedance2,wan3,b,wan3,55436,6aaf38e61e8bf3afc8f53d0c
1446281835,ads2-redo:lantern:seedance2-vs-wan3,wan3,seedance2,tie,,36265,6aaf38e61e8bf3afc8f53d0c
1446281835,ads2-redo:orchard:seedance2-vs-wan3,wan3,seedance2,a,wan3,46506,6aaf38e61e8bf3afc8f53d0c
1446281835,ads2-redo:quiet:heygen-vs-omni,omni,heygen,b,heygen,45592,6aaf38e61e8bf3afc8f53d0c
1446281835,ads2-redo:slowroad:seedance2-vs-wan3,seedance2,wan3,a,seedance2,46821,6aaf38e61e8bf3afc8f53d0c
9c108c17b5,ads2-redo:harbor:heygen-vs-omni,heygen,omni,tie,,50576,6aaf887218ee882342b2fe2d
9c108c17b5,ads2-redo:lantern:heygen-vs-omni,heygen,omni,a,heygen,43581,6aaf887218ee882342b2fe2d
9c108c17b5,ads2-redo:orchard:heygen-vs-omni,omni,heygen,a,omni,44197,6aaf887218ee882342b2fe2d
9c108c17b5,ads2-redo:quiet:seedance2-vs-wan3,seedance2,wan3,b,wan3,43061,6aaf887218ee882342b2fe2d
9c108c17b5,ads2-redo:slowroad:heygen-vs-omni,heygen,omni,b,omni,45308,6aaf887218ee882342b2fe2d
f965b0227d,ads2-redo:harbor:heygen-vs-omni,heygen,omni,tie,,47369,6aaf887218ee882342b2fe2d
f965b0227d,ads2-redo:lantern:heygen-vs-omni,heygen,omni,tie,,82568,6aaf887218ee882342b2fe2d
f965b0227d,ads2-redo:orchard:heygen-vs-omni,heygen,omni,tie,,46626,6aaf887218ee882342b2fe2d
f965b0227d,ads2-redo:quiet:omni-vs-wan3,wan3,omni,tie,,116444,6aaf887218ee882342b2fe2d
f965b0227d,ads2-redo:slowroad:heygen-vs-omni,omni,heygen,tie,,75378,6aaf887218ee882342b2fe2d
286b6d84f4,ads2-redo:quiet:heygen-vs-omni,omni,heygen,b,heygen,179300,6aaf38e61e8bf3afc8f53d0c
286b6d84f4,ads6-omni:harbor:omni-vs-wan3,omni,wan3,a,omni,54420,6aaf38e61e8bf3afc8f53d0c
286b6d84f4,ads6-omni:lantern:omni-vs-wan3,wan3,omni,a,wan3,31629,6aaf38e61e8bf3afc8f53d0c
286b6d84f4,ads6-omni:orchard:omni-vs-seedance2,omni,seedance2,b,seedance2,27289,6aaf38e61e8bf3afc8f53d0c
286b6d84f4,ads6-omni:slowroad:omni-vs-seedance2,seedance2,omni,b,omni,57198,6aaf38e61e8bf3afc8f53d0c
6197da4e1c,ads2-redo:quiet:omni-vs-wan3,omni,wan3,a,omni,41447,6aaf887218ee882342b2fe2d
6197da4e1c,ads6-omni:harbor:omni-vs-wan3,omni,wan3,tie,,58316,6aaf887218ee882342b2fe2d
6197da4e1c,ads6-omni:lantern:omni-vs-wan3,wan3,omni,b,omni,61303,6aaf887218ee882342b2fe2d
6197da4e1c,ads6-omni:orchard:omni-vs-seedance2,seedance2,omni,b,omni,44424,6aaf887218ee882342b2fe2d
6197da4e1c,ads6-omni:slowroad:omni-vs-seedance2,seedance2,omni,tie,,65064,6aaf887218ee882342b2fe2d
9cee5ee365,ads2-redo:harbor:heygen-vs-omni,heygen,omni,a,heygen,49996,6aaf887218ee882342b2fe2d
9cee5ee365,ads2-redo:lantern:heygen-vs-omni,heygen,omni,b,omni,46918,6aaf887218ee882342b2fe2d
9cee5ee365,ads2-redo:orchard:heygen-vs-omni,omni,heygen,b,heygen,42643,6aaf887218ee882342b2fe2d
9cee5ee365,ads2-redo:quiet:omni-vs-wan3,wan3,omni,a,wan3,66999,6aaf887218ee882342b2fe2d
9cee5ee365,ads2-redo:slowroad:heygen-vs-omni,omni,heygen,b,heygen,44128,6aaf887218ee882342b2fe2d
babdc5366a,ads2-redo:quiet:omni-vs-seedance2,seedance2,omni,tie,,45677,6aaf887218ee882342b2fe2d
babdc5366a,ads6-omni:harbor:omni-vs-wan3,wan3,omni,b,omni,91694,6aaf887218ee882342b2fe2d
babdc5366a,ads6-omni:lantern:omni-vs-wan3,omni,wan3,a,omni,58724,6aaf887218ee882342b2fe2d
babdc5366a,ads6-omni:orchard:omni-vs-seedance2,omni,seedance2,a,omni,50925,6aaf887218ee882342b2fe2d
babdc5366a,ads6-omni:slowroad:omni-vs-seedance2,omni,seedance2,a,omni,55956,6aaf887218ee882342b2fe2d
b7f8cae765,ads2-redo:harbor:heygen-vs-omni,heygen,omni,b,omni,44498,6aaf887218ee882342b2fe2d
b7f8cae765,ads2-redo:lantern:heygen-vs-omni,heygen,omni,b,omni,39969,6aaf887218ee882342b2fe2d
b7f8cae765,ads2-redo:orchard:heygen-vs-omni,heygen,omni,a,heygen,40793,6aaf887218ee882342b2fe2d
b7f8cae765,ads2-redo:quiet:omni-vs-seedance2,seedance2,omni,a,seedance2,44610,6aaf887218ee882342b2fe2d
b7f8cae765,ads2-redo:slowroad:heygen-vs-omni,heygen,omni,a,heygen,43161,6aaf887218ee882342b2fe2d
841d7b02a1,ads2-redo:harbor:omni-vs-seedance2,seedance2,omni,b,omni,46789,6aaf887218ee882342b2fe2d
841d7b02a1,ads2-redo:lantern:omni-vs-seedance2,seedance2,omni,a,seedance2,43566,6aaf887218ee882342b2fe2d
841d7b02a1,ads2-redo:orchard:omni-vs-seedance2,omni,seedance2,a,omni,44247,6aaf887218ee882342b2fe2d
841d7b02a1,ads2-redo:quiet:heygen-vs-omni,heygen,omni,a,heygen,51287,6aaf887218ee882342b2fe2d
841d7b02a1,ads2-redo:slowroad:omni-vs-seedance2,omni,seedance2,b,seedance2,45047,6aaf887218ee882342b2fe2d
3033c4f0d5,ads2-redo:harbor:heygen-vs-omni,omni,heygen,b,heygen,98139,6aaf887218ee882342b2fe2d
3033c4f0d5,ads2-redo:lantern:heygen-vs-omni,omni,heygen,a,omni,59870,6aaf887218ee882342b2fe2d
3033c4f0d5,ads2-redo:orchard:heygen-vs-omni,omni,heygen,a,omni,59581,6aaf887218ee882342b2fe2d
3033c4f0d5,ads2-redo:quiet:omni-vs-wan3,omni,wan3,a,omni,51557,6aaf887218ee882342b2fe2d
3033c4f0d5,ads2-redo:slowroad:heygen-vs-omni,heygen,omni,b,omni,53702,6aaf887218ee882342b2fe2d
f10bb8a2c3,ads2-redo:harbor:heygen-vs-seedance2,heygen,seedance2,a,heygen,41737,6aaf38e61e8bf3afc8f53d0c
f10bb8a2c3,ads2-redo:lantern:heygen-vs-seedance2,seedance2,heygen,a,seedance2,42504,6aaf38e61e8bf3afc8f53d0c
f10bb8a2c3,ads2-redo:orchard:heygen-vs-seedance2,seedance2,heygen,a,seedance2,43357,6aaf38e61e8bf3afc8f53d0c
f10bb8a2c3,ads2-redo:quiet:omni-vs-seedance2,omni,seedance2,b,seedance2,42067,6aaf38e61e8bf3afc8f53d0c
f10bb8a2c3,ads2-redo:slowroad:heygen-vs-seedance2,seedance2,heygen,a,seedance2,44270,6aaf38e61e8bf3afc8f53d0c
5baf5275ec,ads2-redo:harbor:omni-vs-seedance2,seedance2,omni,a,seedance2,57326,6aaf887218ee882342b2fe2d
5baf5275ec,ads2-redo:lantern:omni-vs-seedance2,omni,seedance2,b,seedance2,45685,6aaf887218ee882342b2fe2d
5baf5275ec,ads2-redo:orchard:omni-vs-seedance2,omni,seedance2,a,omni,43551,6aaf887218ee882342b2fe2d
5baf5275ec,ads2-redo:quiet:heygen-vs-seedance2,heygen,seedance2,b,seedance2,43138,6aaf887218ee882342b2fe2d
5baf5275ec,ads2-redo:slowroad:omni-vs-seedance2,seedance2,omni,a,seedance2,46090,6aaf887218ee882342b2fe2d
e3e05ff4bd,ads2-redo:harbor:heygen-vs-seedance2,heygen,seedance2,b,seedance2,44698,6aaf887218ee882342b2fe2d
e3e05ff4bd,ads2-redo:lantern:heygen-vs-seedance2,seedance2,heygen,a,seedance2,47911,6aaf887218ee882342b2fe2d
e3e05ff4bd,ads2-redo:orchard:heygen-vs-seedance2,heygen,seedance2,b,seedance2,57837,6aaf887218ee882342b2fe2d
e3e05ff4bd,ads2-redo:quiet:seedance2-vs-wan3,wan3,seedance2,a,wan3,42790,6aaf887218ee882342b2fe2d
e3e05ff4bd,ads2-redo:slowroad:heygen-vs-seedance2,heygen,seedance2,b,seedance2,44950,6aaf887218ee882342b2fe2d
7846f991c8,ads2-redo:quiet:omni-vs-seedance2,omni,seedance2,b,seedance2,43157,6aaf887218ee882342b2fe2d
7846f991c8,ads6-omni:harbor:omni-vs-wan3,wan3,omni,a,wan3,59481,6aaf887218ee882342b2fe2d
7846f991c8,ads6-omni:lantern:omni-vs-wan3,wan3,omni,a,wan3,62677,6aaf887218ee882342b2fe2d
7846f991c8,ads6-omni:orchard:omni-vs-seedance2,seedance2,omni,a,seedance2,51232,6aaf887218ee882342b2fe2d
7846f991c8,ads6-omni:slowroad:omni-vs-seedance2,omni,seedance2,tie,,55517,6aaf887218ee882342b2fe2d
f0dca1892e,ads2-redo:harbor:omni-vs-seedance2,seedance2,omni,b,omni,68706,6aaf38e61e8bf3afc8f53d0c
f0dca1892e,ads2-redo:lantern:omni-vs-seedance2,seedance2,omni,a,seedance2,58046,6aaf38e61e8bf3afc8f53d0c
f0dca1892e,ads2-redo:orchard:omni-vs-seedance2,omni,seedance2,a,omni,45865,6aaf38e61e8bf3afc8f53d0c
f0dca1892e,ads2-redo:quiet:omni-vs-wan3,wan3,omni,b,omni,64452,6aaf38e61e8bf3afc8f53d0c
f0dca1892e,ads2-redo:slowroad:omni-vs-seedance2,seedance2,omni,a,seedance2,49664,6aaf38e61e8bf3afc8f53d0c
3eea77295b,ads2-redo:harbor:omni-vs-wan3,omni,wan3,a,omni,43024,6aaf887218ee882342b2fe2d
3eea77295b,ads2-redo:lantern:omni-vs-wan3,omni,wan3,b,wan3,18270,6aaf887218ee882342b2fe2d
3eea77295b,ads2-redo:orchard:omni-vs-wan3,omni,wan3,tie,,19458,6aaf887218ee882342b2fe2d
3eea77295b,ads2-redo:quiet:heygen-vs-wan3,heygen,wan3,tie,,20737,6aaf887218ee882342b2fe2d
3eea77295b,ads2-redo:slowroad:omni-vs-wan3,wan3,omni,b,omni,22224,6aaf887218ee882342b2fe2d
d5f1724fa8,ads2-redo:harbor:omni-vs-seedance2,seedance2,omni,b,omni,47200,6aaf38e61e8bf3afc8f53d0c
d5f1724fa8,ads2-redo:lantern:omni-vs-seedance2,omni,seedance2,b,seedance2,46019,6aaf38e61e8bf3afc8f53d0c
d5f1724fa8,ads2-redo:orchard:omni-vs-seedance2,seedance2,omni,a,seedance2,52268,6aaf38e61e8bf3afc8f53d0c
d5f1724fa8,ads2-redo:quiet:seedance2-vs-wan3,seedance2,wan3,a,seedance2,81959,6aaf38e61e8bf3afc8f53d0c
d5f1724fa8,ads2-redo:slowroad:omni-vs-seedance2,seedance2,omni,b,omni,45953,6aaf38e61e8bf3afc8f53d0c
ba06665720,ads2-redo:harbor:heygen-vs-wan3,wan3,heygen,a,wan3,41999,6aaf887218ee882342b2fe2d
ba06665720,ads2-redo:lantern:heygen-vs-wan3,wan3,heygen,a,wan3,43405,6aaf887218ee882342b2fe2d
ba06665720,ads2-redo:orchard:heygen-vs-wan3,heygen,wan3,a,heygen,41095,6aaf887218ee882342b2fe2d
ba06665720,ads2-redo:quiet:seedance2-vs-wan3,wan3,seedance2,b,seedance2,23698,6aaf887218ee882342b2fe2d
ba06665720,ads2-redo:slowroad:heygen-vs-wan3,wan3,heygen,a,wan3,24148,6aaf887218ee882342b2fe2d
e2c1348294,ads2-redo:harbor:heygen-vs-seedance2,seedance2,heygen,b,heygen,28068,6aaf887218ee882342b2fe2d
e2c1348294,ads2-redo:lantern:heygen-vs-seedance2,heygen,seedance2,a,heygen,23064,6aaf887218ee882342b2fe2d
e2c1348294,ads2-redo:orchard:heygen-vs-seedance2,heygen,seedance2,tie,,24266,6aaf887218ee882342b2fe2d
e2c1348294,ads2-redo:quiet:omni-vs-wan3,omni,wan3,a,omni,24462,6aaf887218ee882342b2fe2d
e2c1348294,ads2-redo:slowroad:heygen-vs-seedance2,heygen,seedance2,b,seedance2,24380,6aaf887218ee882342b2fe2d
a044508a8a,ads2-redo:harbor:heygen-vs-omni,omni,heygen,a,omni,70045,6aaf887218ee882342b2fe2d
a044508a8a,ads2-redo:lantern:heygen-vs-omni,heygen,omni,a,heygen,103329,6aaf887218ee882342b2fe2d
a044508a8a,ads2-redo:orchard:heygen-vs-omni,heygen,omni,a,heygen,40284,6aaf887218ee882342b2fe2d
a044508a8a,ads2-redo:quiet:omni-vs-wan3,omni,wan3,a,omni,38411,6aaf887218ee882342b2fe2d
a044508a8a,ads2-redo:slowroad:heygen-vs-omni,omni,heygen,a,omni,27176,6aaf887218ee882342b2fe2d
3a3b284611,ads2-redo:harbor:heygen-vs-omni,omni,heygen,a,omni,70289,6aaf887218ee882342b2fe2d
3a3b284611,ads2-redo:lantern:heygen-vs-omni,omni,heygen,b,heygen,71511,6aaf887218ee882342b2fe2d
3a3b284611,ads2-redo:orchard:heygen-vs-omni,heygen,omni,b,omni,49072,6aaf887218ee882342b2fe2d
3a3b284611,ads2-redo:quiet:seedance2-vs-wan3,seedance2,wan3,b,wan3,46966,6aaf887218ee882342b2fe2d
3a3b284611,ads2-redo:slowroad:heygen-vs-omni,omni,heygen,a,omni,52097,6aaf887218ee882342b2fe2d
b8ca1c07c9,ads2-redo:harbor:heygen-vs-seedance2,heygen,seedance2,a,heygen,44664,6aaf887218ee882342b2fe2d
b8ca1c07c9,ads2-redo:lantern:heygen-vs-seedance2,heygen,seedance2,b,seedance2,30096,6aaf887218ee882342b2fe2d
b8ca1c07c9,ads2-redo:orchard:heygen-vs-seedance2,heygen,seedance2,tie,,39541,6aaf887218ee882342b2fe2d
b8ca1c07c9,ads2-redo:quiet:seedance2-vs-wan3,wan3,seedance2,a,wan3,37254,6aaf887218ee882342b2fe2d
b8ca1c07c9,ads2-redo:slowroad:heygen-vs-seedance2,heygen,seedance2,a,heygen,38918,6aaf887218ee882342b2fe2d
6817736d27,ads2-redo:harbor:omni-vs-seedance2,seedance2,omni,a,seedance2,59397,6aaf887218ee882342b2fe2d
6817736d27,ads2-redo:lantern:omni-vs-seedance2,seedance2,omni,b,omni,55013,6aaf887218ee882342b2fe2d
6817736d27,ads2-redo:orchard:omni-vs-seedance2,omni,seedance2,b,seedance2,82110,6aaf887218ee882342b2fe2d
6817736d27,ads2-redo:quiet:heygen-vs-omni,omni,heygen,a,omni,46342,6aaf887218ee882342b2fe2d
6817736d27,ads2-redo:slowroad:omni-vs-seedance2,seedance2,omni,a,seedance2,56551,6aaf887218ee882342b2fe2d
5e63d09ac5,ads2-redo:harbor:heygen-vs-wan3,heygen,wan3,a,heygen,49001,6aaf38e61e8bf3afc8f53d0c
5e63d09ac5,ads2-redo:lantern:heygen-vs-wan3,wan3,heygen,tie,,73577,6aaf38e61e8bf3afc8f53d0c
5e63d09ac5,ads2-redo:orchard:heygen-vs-wan3,wan3,heygen,a,wan3,51740,6aaf38e61e8bf3afc8f53d0c
5e63d09ac5,ads2-redo:quiet:heygen-vs-wan3,wan3,heygen,b,heygen,44277,6aaf38e61e8bf3afc8f53d0c
5e63d09ac5,ads2-redo:slowroad:heygen-vs-wan3,wan3,heygen,a,wan3,54082,6aaf38e61e8bf3afc8f53d0c
2834600361,ads2-redo:harbor:heygen-vs-omni,heygen,omni,b,omni,68532,6aaf38e61e8bf3afc8f53d0c
2834600361,ads2-redo:lantern:heygen-vs-omni,heygen,omni,a,heygen,43915,6aaf38e61e8bf3afc8f53d0c
2834600361,ads2-redo:orchard:heygen-vs-omni,heygen,omni,b,omni,41515,6aaf38e61e8bf3afc8f53d0c
2834600361,ads2-redo:quiet:heygen-vs-seedance2,heygen,seedance2,b,seedance2,40531,6aaf38e61e8bf3afc8f53d0c
2834600361,ads2-redo:slowroad:heygen-vs-omni,omni,heygen,a,omni,42364,6aaf38e61e8bf3afc8f53d0c
31d06043f9,ads2-redo:harbor:seedance2-vs-wan3,seedance2,wan3,a,seedance2,45468,6aaf887218ee882342b2fe2d
31d06043f9,ads2-redo:lantern:seedance2-vs-wan3,seedance2,wan3,a,seedance2,43377,6aaf887218ee882342b2fe2d
31d06043f9,ads2-redo:orchard:seedance2-vs-wan3,wan3,seedance2,a,wan3,42597,6aaf887218ee882342b2fe2d
31d06043f9,ads2-redo:quiet:heygen-vs-wan3,heygen,wan3,a,heygen,112273,6aaf887218ee882342b2fe2d
31d06043f9,ads2-redo:slowroad:seedance2-vs-wan3,wan3,seedance2,b,seedance2,44539,6aaf887218ee882342b2fe2d
cf0cb66109,ads2-redo:quiet:omni-vs-seedance2,seedance2,omni,tie,,47831,6aaf887218ee882342b2fe2d
cf0cb66109,ads6-omni:harbor:omni-vs-wan3,omni,wan3,tie,,63166,6aaf887218ee882342b2fe2d
cf0cb66109,ads6-omni:lantern:omni-vs-wan3,wan3,omni,b,omni,64430,6aaf887218ee882342b2fe2d
cf0cb66109,ads6-omni:orchard:omni-vs-seedance2,seedance2,omni,b,omni,52063,6aaf887218ee882342b2fe2d
cf0cb66109,ads6-omni:slowroad:omni-vs-seedance2,omni,seedance2,tie,,61564,6aaf887218ee882342b2fe2d
b9d4f9da90,ads2-redo:harbor:omni-vs-seedance2,omni,seedance2,b,seedance2,45981,6aaf38e61e8bf3afc8f53d0c
b9d4f9da90,ads2-redo:lantern:omni-vs-seedance2,seedance2,omni,tie,,43560,6aaf38e61e8bf3afc8f53d0c
b9d4f9da90,ads2-redo:orchard:omni-vs-seedance2,omni,seedance2,b,seedance2,42606,6aaf38e61e8bf3afc8f53d0c
b9d4f9da90,ads2-redo:quiet:omni-vs-seedance2,omni,seedance2,b,seedance2,42531,6aaf38e61e8bf3afc8f53d0c
b9d4f9da90,ads2-redo:slowroad:omni-vs-seedance2,seedance2,omni,b,omni,45521,6aaf38e61e8bf3afc8f53d0c
32b99bf8ec,ads2-redo:harbor:heygen-vs-seedance2,seedance2,heygen,b,heygen,58266,6aaf887218ee882342b2fe2d
32b99bf8ec,ads2-redo:lantern:heygen-vs-seedance2,heygen,seedance2,b,seedance2,54218,6aaf887218ee882342b2fe2d
32b99bf8ec,ads2-redo:orchard:heygen-vs-seedance2,seedance2,heygen,a,seedance2,54671,6aaf887218ee882342b2fe2d
32b99bf8ec,ads2-redo:quiet:seedance2-vs-wan3,wan3,seedance2,a,wan3,61257,6aaf887218ee882342b2fe2d
32b99bf8ec,ads2-redo:slowroad:heygen-vs-seedance2,heygen,seedance2,b,seedance2,58484,6aaf887218ee882342b2fe2d
1f118ca9ed,ads2-redo:harbor:omni-vs-wan3,wan3,omni,a,wan3,52306,6aaf887218ee882342b2fe2d
1f118ca9ed,ads2-redo:lantern:omni-vs-wan3,wan3,omni,b,omni,52393,6aaf887218ee882342b2fe2d
1f118ca9ed,ads2-redo:orchard:omni-vs-wan3,wan3,omni,a,wan3,44916,6aaf887218ee882342b2fe2d
1f118ca9ed,ads2-redo:quiet:heygen-vs-seedance2,heygen,seedance2,b,seedance2,67268,6aaf887218ee882342b2fe2d
1f118ca9ed,ads2-redo:slowroad:omni-vs-wan3,omni,wan3,b,wan3,48430,6aaf887218ee882342b2fe2d
2175bba2c0,ads2-redo:harbor:omni-vs-seedance2,omni,seedance2,tie,,60798,6aaf887218ee882342b2fe2d
2175bba2c0,ads2-redo:lantern:omni-vs-seedance2,omni,seedance2,b,seedance2,47152,6aaf887218ee882342b2fe2d
2175bba2c0,ads2-redo:orchard:omni-vs-seedance2,seedance2,omni,b,omni,49448,6aaf887218ee882342b2fe2d
2175bba2c0,ads2-redo:quiet:heygen-vs-omni,heygen,omni,b,omni,56026,6aaf887218ee882342b2fe2d
2175bba2c0,ads2-redo:slowroad:omni-vs-seedance2,omni,seedance2,a,omni,63830,6aaf887218ee882342b2fe2d
a6f3c312b5,ads2-redo:harbor:omni-vs-wan3,omni,wan3,a,omni,32595,6aaf887218ee882342b2fe2d
a6f3c312b5,ads2-redo:lantern:omni-vs-wan3,wan3,omni,b,omni,26745,6aaf887218ee882342b2fe2d
a6f3c312b5,ads2-redo:orchard:omni-vs-wan3,omni,wan3,b,wan3,25548,6aaf887218ee882342b2fe2d
a6f3c312b5,ads2-redo:quiet:heygen-vs-seedance2,seedance2,heygen,a,seedance2,33015,6aaf887218ee882342b2fe2d
a6f3c312b5,ads2-redo:slowroad:omni-vs-wan3,omni,wan3,a,omni,31548,6aaf887218ee882342b2fe2d
635f4ba462,ads2-redo:harbor:seedance2-vs-wan3,wan3,seedance2,b,seedance2,69701,6aaf887218ee882342b2fe2d
635f4ba462,ads2-redo:lantern:seedance2-vs-wan3,seedance2,wan3,b,wan3,47049,6aaf887218ee882342b2fe2d
635f4ba462,ads2-redo:orchard:seedance2-vs-wan3,seedance2,wan3,a,seedance2,42810,6aaf887218ee882342b2fe2d
635f4ba462,ads2-redo:quiet:heygen-vs-wan3,wan3,heygen,b,heygen,42357,6aaf887218ee882342b2fe2d
635f4ba462,ads2-redo:slowroad:seedance2-vs-wan3,seedance2,wan3,a,seedance2,76409,6aaf887218ee882342b2fe2d
8c632c0d2e,ads2-redo:harbor:seedance2-vs-wan3,wan3,seedance2,a,wan3,49830,6aaf887218ee882342b2fe2d
8c632c0d2e,ads2-redo:lantern:seedance2-vs-wan3,seedance2,wan3,tie,,92823,6aaf887218ee882342b2fe2d
8c632c0d2e,ads2-redo:orchard:seedance2-vs-wan3,seedance2,wan3,a,seedance2,60297,6aaf887218ee882342b2fe2d
8c632c0d2e,ads2-redo:quiet:heygen-vs-wan3,heygen,wan3,b,wan3,40974,6aaf887218ee882342b2fe2d
8c632c0d2e,ads2-redo:slowroad:seedance2-vs-wan3,wan3,seedance2,b,seedance2,69630,6aaf887218ee882342b2fe2d
e95653ac50,ads2-redo:harbor:heygen-vs-wan3,wan3,heygen,b,heygen,54954,6aaf38e61e8bf3afc8f53d0c
e95653ac50,ads2-redo:lantern:heygen-vs-wan3,wan3,heygen,b,heygen,54385,6aaf38e61e8bf3afc8f53d0c
e95653ac50,ads2-redo:orchard:heygen-vs-wan3,heygen,wan3,b,wan3,45137,6aaf38e61e8bf3afc8f53d0c
e95653ac50,ads2-redo:quiet:omni-vs-seedance2,seedance2,omni,a,seedance2,45024,6aaf38e61e8bf3afc8f53d0c
e95653ac50,ads2-redo:slowroad:heygen-vs-wan3,heygen,wan3,b,wan3,46208,6aaf38e61e8bf3afc8f53d0c
